City_ID,City,Country,Date,Lat,Lng,Max Temp,Humidity,Cloudiness,Wind Speed
0,Marietta,US,2022-11-13 04:36:51,33.9526,-84.5499,41.81,81,100,16.11
1,Voyvozh,RU,2022-11-13 04:38:16,62.892,54.9635,16.7,94,100,9.17
2,Upernavik,GL,2022-11-13 04:38:17,72.7868,-56.1549,12.2,83,19,10.74
3,Otjiwarongo,NA,2022-11-13 04:38:17,-20.4637,16.6477,59.14,28,1,6.08
4,Hermanus,ZA,2022-11-13 04:38:17,-34.4187,19.2345,56.8,78,6,8.21
5,Rincon,US,2022-11-13 04:38:17,32.296,-81.2354,69.85,93,40,6.91
6,Yola,NG,2022-11-13 04:38:18,9.2,12.4833,71.71,36,42,0.92
7,Necocli,CO,2022-11-13 04:38:18,8.4234,-76.786,74.97,93,100,10.16
8,Oberuzwil,CH,2022-11-13 04:38:18,47.4308,9.1272,41.22,86,60,0.38
9,Abu Samrah,SY,2022-11-13 04:38:19,35.3029,37.1841,58.91,53,3,5.64
10,Yar-Sale,RU,2022-11-13 04:38:19,66.8333,70.8333,-2.96,95,96,10.85
11,Mar Del Plata,AR,2022-11-13 04:38:19,-38.0023,-57.5575,62.94,96,100,5.01
12,Mocuba,MZ,2022-11-13 04:38:20,-16.8392,36.9856,80.53,64,13,5.55
13,Melo,UY,2022-11-13 04:38:20,-32.3667,-54.1833,64.51,94,92,7.56
14,Hofn,IS,2022-11-13 04:38:20,64.2539,-15.2082,45.46,91,76,11.83
15,Utete,TZ,2022-11-13 04:38:21,-7.986,38.758,81.46,61,58,4.63
16,Vestmanna,FO,2022-11-13 04:38:21,62.1564,-7.1664,47.32,100,100,13.8
17,Bambous Virieux,MU,2022-11-13 04:38:21,-20.3428,57.7575,78.22,64,40,4.61
18,Igarka,RU,2022-11-13 04:38:22,67.4667,86.5833,-20.4,96,12,6.85
19,Agen,FR,2022-11-13 04:38:22,44.2,0.6333,56.71,100,100,0.0
20,Arraial Do Cabo,BR,2022-11-13 04:38:22,-22.9661,-42.0278,72.63,91,12,12.75
21,Namibe,AO,2022-11-13 04:38:22,-15.1961,12.1522,63.09,76,30,7.47
22,Ushuaia,AR,2022-11-13 04:38:23,-54.8,-68.3,51.46,50,0,8.05
23,Qaanaaq,GL,2022-11-13 04:38:23,77.484,-69.3632,-1.71,69,19,4.59
24,Bredasdorp,ZA,2022-11-13 04:38:23,-34.5322,20.0403,62.24,69,16,10.16
25,Trairi,BR,2022-11-13 04:37:30,-3.2778,-39.2689,79.0,75,90,7.92
26,Victoria,HK,2022-11-13 04:38:24,22.2855,114.1577,83.32,77,6,5.99
27,Clyde River,CA,2022-11-13 04:38:24,70.4692,-68.5914,-5.57,77,0,0.0
28,Lamu,KE,2022-11-13 04:38:24,-2.2717,40.902,77.22,77,35,5.59
29,Sept-Iles,CA,2022-11-13 04:35:34,50.2001,-66.3821,25.32,78,100,10.36
30,Itarema,BR,2022-11-13 04:38:24,-2.9248,-39.9167,78.06,78,69,9.37
31,Valparaiso,CL,2022-11-13 04:38:25,-33.0393,-71.6273,49.64,93,0,6.91
32,Georgetown,MY,2022-11-13 04:38:25,5.4112,100.3354,86.9,73,20,2.3
33,Manzil Bu Zalafah,TN,2022-11-13 04:38:25,36.6831,10.5843,62.4,79,100,1.3
34,Atasu,KZ,2022-11-13 04:38:26,48.6814,71.6433,30.13,89,100,18.92
35,Matay,EG,2022-11-13 04:38:26,28.419,30.7792,62.98,76,0,10.22
36,Tres Arroyos,AR,2022-11-13 04:38:26,-38.3739,-60.2798,57.63,96,97,0.72
37,Alto Longa,BR,2022-11-13 04:38:27,-5.2511,-42.2103,74.7,86,27,6.67
38,Port Alfred,ZA,2022-11-13 04:38:27,-33.5906,26.891,65.88,74,66,24.27
39,Busselton,AU,2022-11-13 04:38:27,-33.65,115.3333,68.32,36,2,6.15
40,Bilma,NE,2022-11-13 04:38:28,18.6853,12.9164,63.59,31,2,8.55
41,Zambezi,ZM,2022-11-13 04:38:28,-13.5432,23.1047,66.34,92,100,3.8
42,Morondava,MG,2022-11-13 04:39:28,-20.2833,44.2833,82.11,65,3,7.43
43,Sundsvall,SE,2022-11-13 04:39:29,62.3913,17.3063,43.97,62,69,2.3
44,Fougamou,GA,2022-11-13 04:39:29,-1.2154,10.5838,70.97,99,98,2.1
45,Vardo,NO,2022-11-13 04:39:29,70.3705,31.1107,31.98,80,75,9.22
46,Dogondoutchi,NE,2022-11-13 04:39:29,13.6393,4.0287,76.05,23,5,12.73
47,Dikson,RU,2022-11-13 04:39:30,73.5069,80.5464,-10.19,100,47,5.06
48,Tazovskiy,RU,2022-11-13 04:39:30,67.4667,78.7,-16.1,90,6,8.32
49,Cape Town,ZA,2022-11-13 04:35:16,-33.9258,18.4232,61.12,90,0,5.75
50,Negombo,LK,2022-11-13 04:39:30,7.2083,79.8358,82.45,83,20,4.61
51,Hithadhoo,MV,2022-11-13 04:39:30,-0.6,73.0833,81.91,70,100,16.51
52,Mecca,SA,2022-11-13 04:38:26,21.4267,39.8261,78.69,71,0,0.96
53,Torbay,CA,2022-11-13 04:39:31,47.6666,-52.7314,56.75,97,100,8.05
54,Sao Filipe,CV,2022-11-13 04:39:31,14.8961,-24.4956,75.96,74,50,6.22
55,Vilhena,BR,2022-11-13 04:35:59,-12.7406,-60.1458,68.14,88,66,3.18
56,Prieska,ZA,2022-11-13 04:39:31,-29.6641,22.7474,60.55,45,0,12.77
57,Mahebourg,MU,2022-11-13 04:39:32,-20.4081,57.7,78.26,64,40,4.61
58,Bonoua,CI,2022-11-13 04:39:32,5.2741,-3.595,74.82,91,58,1.74
59,Serebryansk,KZ,2022-11-13 04:39:32,49.6925,83.2892,33.15,92,100,6.62
60,Saint-Philippe,RE,2022-11-13 04:39:33,-21.3585,55.7679,78.39,68,0,6.38
61,Morada Nova,BR,2022-11-13 04:39:33,-5.1067,-38.3725,78.89,75,85,5.93
62,Bara,NG,2022-11-13 04:39:33,10.3744,10.7288,70.12,27,62,6.69
63,Henties Bay,NA,2022-11-13 04:39:33,-22.116,14.2845,58.62,87,0,9.93
64,Sirur,IN,2022-11-13 04:39:34,18.8333,74.3833,79.48,41,17,12.55
65,Port Elizabeth,ZA,2022-11-13 04:39:34,-33.918,25.5701,65.32,79,0,24.16
66,Natitingou,BJ,2022-11-13 04:39:34,10.3042,1.3796,71.58,56,29,3.18
67,Camacha,PT,2022-11-13 04:39:35,33.0833,-16.3333,63.82,82,20,2.3
68,Punta Arenas,CL,2022-11-13 04:39:35,-53.15,-70.9167,46.51,57,0,6.91
69,Wukari,NG,2022-11-13 04:39:35,7.85,9.7833,71.53,52,20,2.06
70,Kourou,GF,2022-11-13 04:39:36,5.1552,-52.6478,75.25,89,100,5.93
71,Yamandu,SL,2022-11-13 04:39:36,7.9362,-11.4928,72.19,99,63,1.05
72,Hamilton,US,2022-11-13 04:36:35,39.1834,-84.5333,33.75,92,100,10.36
73,Chuy,UY,2022-11-13 04:39:36,-33.6971,-53.4616,65.77,92,100,10.49
74,Pavilosta,LV,2022-11-13 04:39:37,56.8879,21.1859,37.31,85,27,4.23
75,Peruibe,BR,2022-11-13 04:39:37,-24.32,-46.9983,67.46,96,63,2.55
76,Kruisfontein,ZA,2022-11-13 04:39:37,-34.0033,24.7314,62.89,72,0,23.33
77,Praia,CV,2022-11-13 04:39:38,14.9215,-23.5087,73.94,78,20,10.36
78,Saint George,US,2022-11-13 04:39:38,37.1041,-113.5841,47.95,44,0,10.36
79,Awbari,LY,2022-11-13 04:39:38,26.5921,12.7805,55.49,45,0,4.56
80,Rafaela,AR,2022-11-13 04:39:38,-31.2503,-61.4867,62.98,70,94,5.01
81,Saldanha,ZA,2022-11-13 04:39:39,-33.0117,17.9442,53.65,81,0,7.49
82,Carnot,CF,2022-11-13 04:39:39,4.9409,15.8665,67.37,92,89,1.72
83,Sena Madureira,BR,2022-11-13 04:39:39,-9.0656,-68.6569,78.64,66,93,2.26
84,Tartus,SY,2022-11-13 04:39:39,34.889,35.8866,68.61,50,0,16.04
85,Raudeberg,NO,2022-11-13 04:39:40,61.9875,5.1352,48.87,14,90,4.63
86,Atar,MR,2022-11-13 04:39:40,20.5169,-13.0499,71.44,14,3,7.87
87,Axim,GH,2022-11-13 04:39:40,4.8699,-2.2405,76.08,88,34,2.42
88,Vila Franca Do Campo,PT,2022-11-13 04:39:41,37.7167,-25.4333,59.41,69,100,13.67
89,Cauquenes,CL,2022-11-13 04:39:41,-35.9671,-72.3225,47.57,93,37,3.29
90,Kjollefjord,NO,2022-11-13 04:40:41,70.9457,27.3465,37.45,100,20,9.22
91,Sarankhola,BD,2022-11-13 04:40:42,22.3082,89.7897,81.72,40,3,7.54
92,Persianovskiy,RU,2022-11-13 04:40:42,47.5137,40.1075,45.55,100,100,17.9
93,Acarau,BR,2022-11-13 04:40:42,-2.8856,-40.12,78.01,79,62,9.19
94,Diffa,NE,2022-11-13 04:40:42,13.3154,12.6113,70.29,33,6,9.95
95,Conde,BR,2022-11-13 04:40:43,-7.2597,-34.9075,74.66,100,100,4.61
96,Tasiilaq,GL,2022-11-13 04:40:43,65.6145,-37.6368,37.56,81,100,24.96
97,East London,ZA,2022-11-13 04:39:03,-33.0153,27.9116,61.74,88,0,9.22
98,Husavik,IS,2022-11-13 04:40:43,66.0449,-17.3389,34.7,72,49,10.4
99,Cidreira,BR,2022-11-13 04:40:44,-30.1811,-50.2056,68.59,86,100,21.74
100,Puri,IN,2022-11-13 04:40:44,19.8,85.85,79.32,46,8,9.31
101,Iquique,CL,2022-11-13 04:40:44,-20.2208,-70.1431,62.64,69,45,1.63
102,Lebu,CL,2022-11-13 04:40:45,-37.6167,-73.65,50.74,92,14,9.46
103,Kinsale,IE,2022-11-13 04:40:45,51.7075,-8.5306,56.57,88,75,24.16
104,Sharjah,AE,2022-11-13 04:40:45,25.3573,55.4033,76.98,88,15,4.61
105,Vangaindrano,MG,2022-11-13 04:40:45,-23.35,47.6,78.15,67,2,2.35
106,Rouvroy,FR,2022-11-13 04:40:46,50.3925,2.904,44.37,56,80,5.46
107,Izhma,RU,2022-11-13 04:40:46,65.0083,53.9113,17.37,95,100,5.84
108,Jamestown,US,2022-11-13 04:38:56,42.097,-79.2353,37.02,80,100,9.22
109,Moose Factory,CA,2022-11-13 04:40:46,51.2585,-80.6094,24.8,93,100,4.61
110,Krasnoselkup,RU,2022-11-13 04:40:47,65.7,82.4667,-15.25,93,13,10.07
111,Uige,AO,2022-11-13 04:40:47,-7.6087,15.0613,61.92,90,88,1.25
112,Alvand,IR,2022-11-13 04:40:47,36.3187,49.1678,40.19,68,3,4.97
113,Iqaluit,CA,2022-11-13 04:40:48,63.7506,-68.5145,10.13,78,75,4.61
114,Bosaso,SO,2022-11-13 04:40:48,11.2842,49.1816,78.78,83,0,8.05
115,Karaton,ID,2022-11-13 04:40:48,-6.3424,106.1045,80.98,80,100,0.81
116,Awjilah,LY,2022-11-13 04:40:48,29.1081,21.2869,61.52,57,69,4.65
117,Mulanje,MW,2022-11-13 04:40:49,-16.0316,35.5,79.74,53,8,2.24
118,Kalmar,SE,2022-11-13 04:40:49,56.6616,16.3616,45.97,99,100,3.44
119,Hualmay,PE,2022-11-13 04:40:49,-11.0964,-77.6139,62.98,85,61,6.78
120,Walvis Bay,NA,2022-11-13 04:40:50,-22.9575,14.5053,54.09,81,0,4.61
121,Tabou,CI,2022-11-13 04:40:50,4.423,-7.3528,76.82,87,41,3.56
122,Bowmore,US,2022-11-13 04:40:50,34.9421,-79.3031,67.75,93,100,5.75
123,Puerto Del Rosario,ES,2022-11-13 04:40:51,28.5004,-13.8627,65.95,55,0,6.91
124,Luchow,DE,2022-11-13 04:40:51,52.9667,11.15,40.1,93,100,5.84
125,Khorramabad,IR,2022-11-13 04:40:51,33.4878,48.3558,42.42,100,20,4.61
126,Richards Bay,ZA,2022-11-13 04:40:51,-28.783,32.0377,75.06,86,100,14.76
127,Ambilobe,MG,2022-11-13 04:40:52,-13.2,49.05,83.19,52,0,2.82
128,Clonakilty,IE,2022-11-13 04:40:52,51.6231,-8.8706,56.41,83,99,27.29
129,Ornskoldsvik,SE,2022-11-13 04:40:52,63.2909,18.7153,40.15,87,31,14.97
130,Hvide Sande,DK,2022-11-13 04:40:53,56.0045,8.1294,50.65,88,98,8.08
131,Ribeira Grande,PT,2022-11-13 04:40:53,38.5167,-28.7,57.78,77,100,4.0
132,Sorland,NO,2022-11-13 04:40:53,67.667,12.6934,44.46,84,87,10.87
133,Bubaque,GW,2022-11-13 04:40:54,11.2833,-15.8333,81.72,65,66,6.49
134,Ponta Do Sol,PT,2022-11-13 04:41:54,32.6667,-17.1,67.71,81,100,1.23
135,Murzzuschlag,AT,2022-11-13 04:41:54,47.6,15.6833,36.9,84,41,4.07
136,Cobija,BO,2022-11-13 04:41:55,-11.0267,-68.7692,75.87,69,98,2.89
137,Gat,IL,2022-11-13 04:41:55,31.61,34.7642,70.79,22,0,3.76
138,Tukums,LV,2022-11-13 04:41:55,56.9669,23.1553,42.15,88,17,5.5
139,Sucua,EC,2022-11-13 04:41:55,-2.4667,-78.1667,67.71,97,94,3.47
140,Lovozero,RU,2022-11-13 04:41:56,68.005,35.0117,26.24,95,99,7.02
141,Maragogi,BR,2022-11-13 04:41:56,-9.0122,-35.2225,74.98,88,3,2.21
142,Hambantota,LK,2022-11-13 04:41:56,6.1241,81.1185,79.14,100,40,3.44
143,Souillac,MU,2022-11-13 04:41:57,-20.5167,57.5167,75.58,64,40,4.61
144,Saint-Pierre,RE,2022-11-13 04:41:57,-21.3393,55.4781,81.57,61,75,6.91
145,Rocha,UY,2022-11-13 04:40:31,-34.4833,-54.3333,63.34,96,100,10.0
146,Cambridge,CA,2022-11-13 04:41:57,43.3601,-80.3127,36.16,95,100,9.22
147,Teguldet,RU,2022-11-13 04:41:57,57.3064,88.1667,32.86,97,100,9.82
148,Les Cayes,HT,2022-11-13 04:41:58,18.2,-73.75,75.6,86,30,3.71
149,Virginia Beach,US,2022-11-13 04:40:14,36.8529,-75.978,67.01,92,0,6.91
150,Asasa,ET,2022-11-13 04:41:58,7.1,39.2,55.87,74,0,4.79
151,Saint-Jean-De-Maurienne,FR,2022-11-13 04:41:59,45.1667,6.5833,36.14,50,95,3.51
152,Mazara Del Vallo,IT,2022-11-13 04:41:59,37.6641,12.588,60.55,63,100,6.08
153,Sioux Lookout,CA,2022-11-13 04:41:59,50.1001,-91.917,19.47,86,100,4.61
154,Sergeyevka,KZ,2022-11-13 04:42:00,53.88,67.4158,34.43,98,100,18.66
155,Sao Joao Da Barra,BR,2022-11-13 04:42:00,-21.6403,-41.0511,72.95,93,45,11.74
156,Grindavik,IS,2022-11-13 04:42:00,63.8424,-22.4338,44.55,87,40,20.71
157,Sayyan,YE,2022-11-13 04:42:00,15.1718,44.3244,54.36,35,0,4.76
158,Biu,NG,2022-11-13 04:42:01,10.6129,12.1946,66.2,33,10,7.7
159,Kitzingen,DE,2022-11-13 04:42:01,49.7333,10.1667,41.25,71,26,3.13
160,Waddan,LY,2022-11-13 04:42:01,29.1614,16.139,58.75,52,0,5.35
161,Surt,LY,2022-11-13 04:42:02,31.2089,16.5887,65.17,73,0,8.16
162,Terme,TR,2022-11-13 04:42:02,41.2092,36.9739,42.73,76,81,5.01
163,Hobyo,SO,2022-11-13 04:42:03,5.3505,48.5268,81.41,67,87,15.48
164,Touros,BR,2022-11-13 04:42:03,-5.1989,-35.4608,76.62,83,5,7.7
165,Sargatskoye,RU,2022-11-13 04:42:03,55.6101,73.4972,32.7,98,100,12.35
166,Pitmoaga,BF,2022-11-13 04:42:04,12.2397,-1.8767,78.42,53,25,5.7
167,Gubkinskiy,RU,2022-11-13 04:42:04,64.434,76.5026,-8.36,91,18,15.55
168,Codrington,AU,2022-11-13 04:42:04,-38.2667,141.9667,70.83,69,50,10.76
169,Laguna,US,2022-11-13 04:42:05,38.421,-121.4238,52.09,86,75,0.0
170,Keflavik,IS,2022-11-13 04:42:05,64.0049,-22.5624,44.51,87,40,20.71
171,Roald,NO,2022-11-13 04:42:05,62.5833,6.1333,53.76,87,100,1.14
172,Inhambane,MZ,2022-11-13 04:42:06,-23.865,35.3833,80.58,83,20,9.22
173,Trapani,IT,2022-11-13 04:42:06,37.8333,12.6667,58.89,94,20,4.61
174,Vagay,RU,2022-11-13 04:42:06,57.9375,69.0217,31.87,97,100,6.64
175,Mehamn,NO,2022-11-13 04:42:07,71.0357,27.8492,33.71,100,20,9.22
176,Garowe,SO,2022-11-13 04:42:07,8.4054,48.4845,75.87,55,8,14.56
177,Grand Gaube,MU,2022-11-13 04:42:07,-20.0064,57.6608,78.39,54,1,8.99
178,Sistranda,NO,2022-11-13 04:43:08,63.7256,8.834,42.76,80,74,8.12
179,Thinadhoo,MV,2022-11-13 04:43:08,0.5333,72.9333,81.86,74,79,16.93
180,Caravelas,BR,2022-11-13 04:43:08,-17.7125,-39.2481,73.65,91,100,6.62
181,Banda Aceh,ID,2022-11-13 04:39:46,5.5577,95.3222,78.49,85,100,11.63
182,Teguise,ES,2022-11-13 04:43:09,29.0605,-13.564,68.22,46,0,6.91
183,Vila Velha,BR,2022-11-13 04:43:09,-20.3297,-40.2925,75.15,91,75,11.5
184,Manicore,BR,2022-11-13 04:43:09,-5.8092,-61.3003,75.88,79,97,0.04
185,Luderitz,NA,2022-11-13 04:43:10,-26.6481,15.1594,57.88,76,0,9.64
186,Victoria Falls,ZW,2022-11-13 04:43:10,-17.9235,25.843,70.77,79,100,3.02
187,Revda,RU,2022-11-13 04:43:10,56.801,59.9303,33.64,98,100,8.86
188,Maldonado,UY,2022-11-13 04:43:11,-34.6667,-54.9167,63.79,97,100,9.33
189,Saint Anthony,US,2022-11-13 04:43:11,45.0205,-93.218,27.55,64,100,9.22
190,Aksarka,RU,2022-11-13 04:43:11,66.5606,67.7975,-3.08,94,100,8.19
191,San Luis,AR,2022-11-13 04:43:12,-33.295,-66.3356,56.44,92,92,12.55
192,Sajanan,TN,2022-11-13 04:43:12,37.0573,9.2426,54.52,82,100,3.74
193,Sobrance,SK,2022-11-13 04:43:12,48.7445,22.1814,42.46,92,57,1.81
194,Hauterive,FR,2022-11-13 04:43:13,46.0901,3.4459,41.76,76,81,2.01
195,Bani Walid,LY,2022-11-13 04:43:13,31.7566,13.9942,58.24,78,0,7.25
196,Turayf,SA,2022-11-13 04:43:13,31.6725,38.6637,53.85,100,100,13.8
197,Mantua,IT,2022-11-13 04:41:03,45.1667,10.7833,57.81,80,72,1.01
198,Baykalovo,RU,2022-11-13 04:43:14,57.3981,63.7684,33.87,100,100,7.9
199,Yarega,RU,2022-11-13 04:43:14,63.4354,53.5765,19.35,95,100,7.52
200,Necochea,AR,2022-11-13 04:38:22,-38.5473,-58.7368,58.66,97,99,7.67
201,Klaksvik,FO,2022-11-13 04:43:15,62.2266,-6.589,49.12,98,100,14.92
202,Paamiut,GL,2022-11-13 04:43:15,61.994,-49.6678,22.51,82,86,7.18
203,Itaituba,BR,2022-11-13 04:43:15,-4.2761,-55.9836,79.34,63,98,2.51
204,Rio Branco,BR,2022-11-13 04:43:16,-9.9747,-67.81,81.21,78,0,6.91
205,Castro,BR,2022-11-13 04:43:16,-24.7911,-50.0119,58.91,99,100,6.58
206,Davlekanovo,RU,2022-11-13 04:43:16,54.2215,55.0343,44.35,76,100,18.41
207,Comodoro Rivadavia,AR,2022-11-13 04:43:17,-45.8667,-67.5,46.26,93,0,2.3
208,Yining,CN,2022-11-13 04:43:17,29.0361,114.5636,69.01,50,71,2.42
209,Quartucciu,IT,2022-11-13 04:43:17,39.2519,9.1794,62.01,81,98,2.3
210,Bonthe,SL,2022-11-13 04:43:18,7.5264,-12.505,77.11,85,55,1.03
211,Vestmannaeyjar,IS,2022-11-13 04:43:18,63.4427,-20.2734,46.9,84,52,31.38
212,Blagoyevo,RU,2022-11-13 04:43:19,63.3667,47.9167,33.33,98,100,7.99
213,Adrian,US,2022-11-13 04:43:19,41.8975,-84.0372,34.48,83,75,6.91
214,Cayenne,GF,2022-11-13 04:43:19,4.9333,-52.3333,75.24,94,100,0.0
215,Ostrovnoy,RU,2022-11-13 04:43:20,68.0531,39.5131,33.87,63,100,27.96
216,Baghdad,IQ,2022-11-13 04:39:45,33.3406,44.4009,58.91,100,0,4.61
217,Flekkefjord,NO,2022-11-13 04:43:20,58.2971,6.6607,53.94,96,97,2.42
218,Maceio,BR,2022-11-13 04:43:20,-9.6658,-35.7353,74.64,94,40,3.44
219,Talnakh,RU,2022-11-13 04:43:21,69.4865,88.3972,-25.71,89,11,4.14
220,Olinda,BR,2022-11-13 04:39:37,-8.0089,-34.8553,78.53,73,75,4.61
221,Cerrito,CO,2022-11-13 04:43:21,6.8432,-72.694,53.55,96,100,1.19
222,Sur,OM,2022-11-13 04:43:22,22.5667,59.5289,84.15,34,0,1.23
223,Marienburg,PL,2022-11-13 04:43:22,54.0359,19.0266,53.58,93,59,3.0
224,Pervomayskoye,RU,2022-11-13 04:44:22,43.919,46.7102,49.6,62,10,17.29
225,Faya,SA,2022-11-13 04:44:22,18.3851,42.4509,57.31,59,0,0.83
226,Nalut,LY,2022-11-13 04:44:23,30.3333,10.85,56.44,51,0,7.2
227,Salalah,OM,2022-11-13 04:44:23,17.0151,54.0924,77.09,50,0,2.3
228,Estelle,US,2022-11-13 04:44:23,29.8458,-90.1067,48.2,73,20,13.8
229,Neuquen,AR,2022-11-13 04:42:56,-38.9516,-68.0591,53.49,94,40,3.44
230,Ancud,CL,2022-11-13 04:44:24,-41.8697,-73.8203,50.68,94,99,5.64
231,Tirumullaivasal,IN,2022-11-13 04:44:24,11.2333,79.8333,81.9,75,100,7.94
232,Vallenar,CL,2022-11-13 04:44:24,-28.5708,-70.7581,55.74,77,61,1.36
233,Ilhabela,BR,2022-11-13 04:44:25,-23.7781,-45.3581,69.55,90,29,2.86
234,Puerto Narino,CO,2022-11-13 04:44:25,-3.7703,-70.3831,74.68,85,92,1.57
235,Warwick,US,2022-11-13 04:44:25,41.7001,-71.4162,56.5,79,75,0.0
236,Pinkafeld,AT,2022-11-13 04:44:26,47.3667,16.1167,39.76,80,20,3.2
237,Coquimbo,CL,2022-11-13 04:44:26,-29.9533,-71.3436,55.13,94,0,2.3
238,Constitucion,CL,2022-11-13 04:44:26,-35.3333,-72.4167,51.22,91,6,6.31
239,Mehtar Lam,AF,2022-11-13 04:44:26,34.6714,70.2094,62.78,23,99,2.46
240,Quilmana,PE,2022-11-13 04:44:27,-12.95,-76.3833,64.99,80,48,2.28
241,San Rafael,AR,2022-11-13 04:44:27,-34.6177,-68.3301,55.74,73,100,14.7
242,Santa Maria,BR,2022-11-13 04:43:03,-29.6842,-53.8069,67.17,92,100,0.74
243,Englewood,US,2022-11-13 04:42:12,39.6478,-104.9878,39.79,48,75,5.75
244,Daugavpils,LV,2022-11-13 04:40:52,55.8833,26.5333,44.94,83,12,9.44
245,Kumluca,TR,2022-11-13 04:44:28,36.3703,30.2869,64.71,34,16,6.58
246,Bayburt,TR,2022-11-13 04:44:28,40.2589,40.2278,36.32,81,4,1.1
247,Pitea,SE,2022-11-13 04:44:28,65.3172,21.4794,30.29,81,5,2.84
248,Adrar,MR,2022-11-13 04:44:28,20.5022,-10.0711,67.64,15,2,10.6
249,Miraflores,MX,2022-11-13 04:44:29,19.2167,-98.8083,62.87,85,2,3.11
250,Ormara,PK,2022-11-13 04:44:29,25.2088,64.6357,80.85,62,0,5.79
251,Sambava,MG,2022-11-13 04:44:29,-14.2667,50.1667,78.26,68,9,9.98
252,Beitbridge,ZW,2022-11-13 04:44:30,-22.2167,30.0,77.29,63,99,2.8
253,Nanortalik,GL,2022-11-13 04:44:30,60.1432,-45.2371,28.53,84,100,11.01
254,Thunder Bay,CA,2022-11-13 04:43:07,48.4001,-89.3168,22.98,86,100,4.61
255,Porto Novo,BJ,2022-11-13 04:44:30,6.4965,2.6036,77.09,86,100,2.62
256,Japura,ID,2022-11-13 04:44:31,-0.3167,102.35,81.82,80,100,1.63
257,Honningsvag,NO,2022-11-13 04:44:31,70.9821,25.9704,37.15,81,95,5.75
258,Rock Sound,BS,2022-11-13 04:44:31,24.9,-76.2,80.44,72,98,3.89
259,Sidi Ali,DZ,2022-11-13 04:44:31,36.0998,0.4206,63.12,48,3,7.63
260,Sabha,LY,2022-11-13 04:44:32,27.0377,14.4283,56.64,45,0,6.44
261,Lagoa,PT,2022-11-13 04:44:32,39.05,-27.9833,59.77,63,100,22.91
262,Stornoway,GB,2022-11-13 04:44:32,58.2093,-6.3865,53.56,86,100,5.75
263,Rosario,AR,2022-11-13 04:41:16,-32.9468,-60.6393,67.95,79,0,5.75
264,Zabol,AF,2022-11-13 04:44:33,32.25,67.25,53.38,47,80,19.62
265,Serowe,BW,2022-11-13 04:40:59,-22.3833,26.7167,69.3,69,83,7.56
266,Tondon,GN,2022-11-13 04:44:33,10.3667,-13.35,69.87,87,19,1.97
267,Odienne,CI,2022-11-13 04:44:33,9.51,-7.5692,70.84,83,8,4.0
268,Tankara,IN,2022-11-13 04:44:34,22.6667,70.7333,77.86,25,5,9.04
269,Rio Gallegos,AR,2022-11-13 04:44:34,-51.6226,-69.2181,48.25,49,20,33.38
270,Junagarh,IN,2022-11-13 04:45:34,19.8667,82.9333,77.63,52,17,5.37
271,Muncie,US,2022-11-13 04:45:35,40.1934,-85.3864,31.93,88,100,16.11
272,Nantucket,US,2022-11-13 04:45:35,41.2835,-70.0995,60.91,93,40,8.05
273,Santa Cruz Del Sur,CU,2022-11-13 04:45:35,20.7147,-77.9956,76.03,88,88,5.73
274,Longyearbyen,SJ,2022-11-13 04:45:35,78.2186,15.6401,31.84,74,40,10.36
275,Svetlyy,RU,2022-11-13 04:45:36,54.675,20.1347,51.85,94,66,4.7
276,Bandarbeyla,SO,2022-11-13 04:45:36,9.4942,50.8122,80.29,70,19,15.61
277,Begamganj,IN,2022-11-13 04:45:36,23.6,78.3333,75.09,34,4,3.69
278,Venice,US,2022-11-13 04:45:36,27.0998,-82.4543,72.99,96,14,5.66
279,Puerto Madryn,AR,2022-11-13 04:45:04,-42.7692,-65.0385,56.07,84,66,15.1
280,Beloha,MG,2022-11-13 04:45:37,-25.1667,45.05,78.58,61,61,15.48
281,Nouakchott,MR,2022-11-13 04:42:00,18.0858,-15.9785,67.93,49,3,11.95
282,Kokstad,ZA,2022-11-13 04:45:37,-30.5472,29.4241,61.59,87,88,2.82
283,Berlevag,NO,2022-11-13 04:45:38,70.8578,29.0864,33.75,93,75,6.91
284,Lobito,AO,2022-11-13 04:45:38,-12.3481,13.5456,71.91,76,100,2.17
285,Umm Lajj,SA,2022-11-13 04:45:38,25.0213,37.2685,79.0,51,0,5.12
286,Aksu,CN,2022-11-13 04:45:38,41.1231,80.2644,44.46,34,0,1.43
287,Arlit,NE,2022-11-13 04:45:39,18.7369,7.3853,69.33,27,7,5.97
288,Kuytun,RU,2022-11-13 04:45:39,54.3419,101.5036,28.78,55,24,6.42
289,Kargasok,RU,2022-11-13 04:45:39,59.0556,80.8572,27.12,91,98,7.23
290,Nguru,NG,2022-11-13 04:45:40,12.8791,10.4526,69.21,25,13,10.31
291,Novo Aripuana,BR,2022-11-13 04:45:40,-5.1206,-60.3797,77.74,66,97,0.69
292,Pisco,PE,2022-11-13 04:45:40,-13.7,-76.2167,62.65,88,75,2.3
293,Alta Floresta,BR,2022-11-13 04:45:41,-9.8756,-56.0861,71.6,83,12,3.94
294,Huarmey,PE,2022-11-13 04:45:41,-10.0681,-78.1522,62.8,87,52,6.35
295,Diego De Almagro,CL,2022-11-13 04:41:29,-26.3667,-70.05,52.57,60,9,1.5
296,Assare,BR,2022-11-13 04:45:42,-6.8744,-39.875,75.07,69,66,3.06
297,Mungeli,IN,2022-11-13 04:45:42,22.0667,81.6833,78.15,35,6,2.64
298,Gomel,BY,2022-11-13 04:41:39,52.4345,30.9754,48.81,88,9,13.42
299,Timra,SE,2022-11-13 04:45:42,62.487,17.3257,43.68,87,64,2.3
300,Zamora,EC,2022-11-13 04:45:42,-4.0692,-78.9567,66.16,96,99,4.18
301,Nuuk,GL,2022-11-13 04:45:43,64.1835,-51.7216,25.41,86,20,6.91
302,Bom Jesus,BR,2022-11-13 04:45:43,-9.0744,-44.3586,73.49,76,60,0.11
303,Sarakhs,IR,2022-11-13 04:45:43,36.5449,61.1577,44.74,87,40,0.0
304,Mangan,IN,2022-11-13 04:45:44,27.5167,88.5333,70.95,47,2,6.93
305,Villaviciosa,ES,2022-11-13 04:45:44,43.4813,-5.4357,60.17,71,44,7.63
306,Lalsot,IN,2022-11-13 04:45:44,26.5667,76.3333,78.49,27,1,4.92
307,Vyshkov,RU,2022-11-13 04:45:45,52.4764,31.6873,48.7,92,16,12.3
308,Mormugao,IN,2022-11-13 04:45:45,15.4,73.8,83.46,54,20,11.5
309,Charagua,BO,2022-11-13 04:45:45,-19.8,-63.2167,66.36,91,1,2.73
310,Salekhard,RU,2022-11-13 04:45:33,66.53,66.6019,-1.43,92,100,11.27
311,Bjornevatn,NO,2022-11-13 04:45:46,69.6672,29.9847,34.14,69,64,6.91
312,Petauke,ZM,2022-11-13 04:45:46,-14.2426,31.3253,72.12,65,100,0.56
313,Caconda,AO,2022-11-13 04:45:46,-13.7333,15.0667,56.8,76,84,1.12
314,Lodja,CD,2022-11-13 04:45:47,-3.4833,23.4333,69.08,96,97,1.43
315,Umm Bab,QA,2022-11-13 04:45:47,25.2142,50.8072,80.2,51,12,5.19
316,Mana,GF,2022-11-13 04:46:47,5.6592,-53.7767,76.68,90,100,7.54
317,Road Town,VG,2022-11-13 04:46:48,18.4167,-64.6167,80.69,73,2,12.88
318,Sinnamary,GF,2022-11-13 04:46:48,5.3833,-52.95,77.9,87,100,7.58
319,Khem Karan,IN,2022-11-13 04:46:48,31.1428,74.5667,68.09,19,33,3.98
320,Vezirkopru,TR,2022-11-13 04:46:48,41.1436,35.4547,36.09,90,57,1.25
321,Ilulissat,GL,2022-11-13 04:46:49,69.2167,-51.1,39.22,41,75,19.57
322,Kichmengskiy Gorodok,RU,2022-11-13 04:46:49,59.9816,45.7854,37.06,96,100,11.43
323,Melilla,ES,2022-11-13 04:46:49,35.2937,-2.9383,62.98,94,75,3.44
324,Inongo,CD,2022-11-13 04:46:50,-1.95,18.2667,70.86,91,88,2.59
325,Korla,CN,2022-11-13 04:46:50,41.7597,86.1469,42.98,34,1,5.08
326,Salisbury,GB,2022-11-13 04:46:50,51.0693,-1.7957,56.97,93,100,10.36
327,Santo Antonio Do Ica,BR,2022-11-13 04:46:50,-3.1022,-67.9397,75.34,83,96,0.81
328,Nova Olimpia,BR,2022-11-13 04:46:51,-14.7972,-57.2881,71.62,87,47,3.83
329,Progreso,MX,2022-11-13 04:46:51,21.2833,-89.6667,76.59,79,0,6.67
330,Raga,SS,2022-11-13 04:46:51,8.4596,25.678,69.03,36,81,3.11
331,Marawi,PH,2022-11-13 04:46:52,7.9986,124.2928,81.64,61,87,7.31
332,Hun,LY,2022-11-13 04:46:52,29.1268,15.9477,58.93,52,0,4.94
333,Casa Nova,BR,2022-11-13 04:46:52,-9.4167,-41.1333,79.12,68,50,16.89
334,Saint-Augustin,CA,2022-11-13 04:46:53,51.226,-58.6502,25.61,52,77,16.75
335,Mehran,IR,2022-11-13 04:46:53,33.1222,46.1646,69.91,49,0,3.2
336,La Romana,DO,2022-11-13 04:46:53,18.4273,-68.9728,74.07,92,69,8.08
337,Montego Bay,JM,2022-11-13 04:43:35,18.4712,-77.9188,76.8,83,20,5.75
338,Selizharovo,RU,2022-11-13 04:46:53,56.8519,33.4487,44.51,67,100,16.82
339,Xai-Xai,MZ,2022-11-13 04:46:54,-25.0519,33.6442,79.57,73,60,11.3
340,Skelleftea,SE,2022-11-13 04:46:54,64.7507,20.9528,35.96,100,0,4.61
341,Bathsheba,BB,2022-11-13 04:46:54,13.2167,-59.5167,81.21,78,40,11.5
342,Pangnirtung,CA,2022-11-13 04:46:55,66.1451,-65.7125,-4.41,81,25,4.72
343,Toamasina,MG,2022-11-13 04:46:55,-18.1667,49.3833,77.0,73,20,5.75
344,Robertsport,LR,2022-11-13 04:46:55,6.7533,-11.3686,78.58,81,91,4.25
345,Turukhansk,RU,2022-11-13 04:46:55,65.8167,87.9833,-10.7,85,4,8.68
346,Kotido,UG,2022-11-13 04:46:56,2.9806,34.1331,72.72,59,100,9.01
347,Chakwal,PK,2022-11-13 04:46:56,32.9334,72.8585,65.59,28,77,4.18
348,Kyshtovka,RU,2022-11-13 04:46:56,56.555,76.6271,32.68,99,100,7.31
349,Artyom,AZ,2022-11-13 04:46:57,40.4723,50.333,51.94,73,0,14.67
350,Ronne,DK,2022-11-13 04:46:57,55.1009,14.7066,53.51,100,100,6.91
351,Dharmadam,IN,2022-11-13 04:46:57,11.7833,75.4333,84.36,66,97,3.85
352,Horten,NO,2022-11-13 04:46:58,59.4155,10.4853,48.54,94,100,3.44
353,Ilo,PE,2022-11-13 04:46:58,-17.6394,-71.3375,64.22,81,35,6.71
354,Henderson,US,2022-11-13 04:44:30,36.0397,-114.9819,52.99,29,0,8.05
355,Barcelos,PT,2022-11-13 04:46:58,41.5388,-8.6151,57.34,81,84,5.61
356,Trelew,AR,2022-11-13 04:46:59,-43.249,-65.3051,52.07,93,20,4.61
357,Weston,US,2022-11-13 04:43:56,26.1004,-80.3998,75.22,89,0,1.01
358,Pesqueira,BR,2022-11-13 04:46:59,-8.3578,-36.6964,70.79,82,81,7.11
359,Kedrovyy,RU,2022-11-13 04:46:59,56.1667,91.8167,32.41,80,100,11.88
360,The Valley,AI,2022-11-13 04:42:54,18.217,-63.0578,81.82,79,3,15.12
361,Krapivinskiy,RU,2022-11-13 04:47:00,54.9992,86.8133,34.02,98,100,13.11
362,Cognac,FR,2022-11-13 04:47:00,45.5,-0.25,53.04,100,0,5.75
363,San Nicolas,PH,2022-11-13 04:47:00,18.1725,120.5953,87.71,79,20,6.91
364,Chernushka,RU,2022-11-13 04:47:00,56.5072,56.0766,33.76,98,100,12.93
365,Galle,LK,2022-11-13 04:48:01,6.0367,80.217,82.89,72,100,1.9
366,Maralal,KE,2022-11-13 04:48:01,1.0968,36.698,62.2,69,95,5.79
367,Port Blair,IN,2022-11-13 04:48:02,11.6667,92.75,86.04,70,40,12.66
368,Pallasovka,RU,2022-11-13 04:48:02,50.05,46.8833,49.15,78,94,25.26
369,Ventspils,LV,2022-11-13 04:47:14,57.3894,21.5606,35.53,100,32,1.14
370,Dakar,SN,2022-11-13 04:48:03,14.6937,-17.4441,74.28,68,100,14.76
371,Karagay,RU,2022-11-13 04:48:03,58.2667,54.9368,36.39,97,100,11.36
372,Mitsamiouli,KM,2022-11-13 04:48:03,-11.3847,43.2844,80.89,69,20,3.44
373,Takoradi,GH,2022-11-13 04:48:04,4.8845,-1.7554,77.14,85,23,1.9
374,Marivan,IR,2022-11-13 04:48:04,35.5219,46.176,49.44,55,0,4.09
375,Malokaterynivka,UA,2022-11-13 04:48:04,47.6525,35.2539,44.37,90,10,12.19
376,Kindu,CD,2022-11-13 04:48:05,-2.95,25.95,69.48,88,97,1.1
377,Carnarvon,AU,2022-11-13 04:48:05,-24.8667,113.6333,77.13,37,0,18.57
378,Umtata,ZA,2022-11-13 04:48:06,-31.5889,28.7844,63.16,88,75,9.22
379,Salinopolis,BR,2022-11-13 04:48:06,-0.6136,-47.3561,79.43,77,37,11.07
380,Balkanabat,TM,2022-11-13 04:48:06,39.5108,54.3671,53.46,68,56,5.06
381,Kouango,CF,2022-11-13 04:48:07,4.9934,19.9619,71.42,90,99,1.86
382,Najran,SA,2022-11-13 04:48:07,17.4924,44.1277,59.65,35,0,2.33
383,Tubmanburg,LR,2022-11-13 04:48:07,6.8708,-10.8172,73.62,95,100,1.52
384,Jalu,LY,2022-11-13 04:48:08,29.0331,21.5482,60.84,56,61,4.79
385,Pitsunda,GE,2022-11-13 04:48:08,43.1592,40.3378,46.58,66,2,3.85
386,Villazon,BO,2022-11-13 04:48:08,-22.0866,-65.5942,46.15,12,0,6.31
387,Iquitos,PE,2022-11-13 04:48:09,-3.7481,-73.2472,75.24,94,0,2.3
388,Alliance,US,2022-11-13 04:48:09,40.9153,-81.1059,35.82,93,91,9.84
389,Penzance,GB,2022-11-13 04:48:09,50.1186,-5.5371,57.88,93,39,19.75
390,Marsabit,KE,2022-11-13 04:48:10,2.3284,37.9899,65.01,82,78,14.9
391,Shymkent,KZ,2022-11-13 04:46:10,42.3,69.6,30.79,100,100,2.24
392,Mikhaylovka,RU,2022-11-13 04:48:10,50.06,43.2379,50.79,72,100,20.65
393,Jaguarari,BR,2022-11-13 04:48:10,-10.2639,-40.1958,68.32,95,21,6.93
394,Santa Rosa,PH,2022-11-13 04:48:11,14.3122,121.1114,88.11,71,99,12.03
395,Nouadhibou,MR,2022-11-13 04:48:11,20.931,-17.0347,66.18,94,75,8.05
396,Storozhevaya,RU,2022-11-13 04:48:12,43.8789,41.4514,41.56,57,0,4.81
397,Sompeta,IN,2022-11-13 04:48:12,18.9333,84.6,81.1,52,20,7.56
398,Cockburn Town,TC,2022-11-13 04:48:12,21.4612,-71.1419,78.76,78,40,5.75
399,Den Helder,NL,2022-11-13 04:48:13,52.9599,4.7593,48.18,94,100,5.99
400,Porto Nacional,BR,2022-11-13 04:48:13,-10.7081,-48.4172,73.4,85,89,1.83
401,Erzincan,TR,2022-11-13 04:48:13,39.75,39.5,22.3,100,2,0.0
402,Gazanjyk,TM,2022-11-13 04:48:14,39.2446,55.5154,54.43,43,55,8.95
403,Hornepayne,CA,2022-11-13 04:48:14,49.2138,-84.7705,18.79,93,100,9.71
404,Vila Nova De Milfontes,PT,2022-11-13 04:48:14,37.7238,-8.7828,60.26,88,54,5.19
405,Aswan,EG,2022-11-13 04:48:15,24.0934,32.907,65.5,45,0,6.91
406,Mattoon,US,2022-11-13 04:48:15,39.4831,-88.3728,30.61,69,100,12.66
407,Sisimiut,GL,2022-11-13 04:48:15,66.9395,-53.6735,19.8,72,93,2.55
408,Port-Cartier,CA,2022-11-13 04:48:16,50.0334,-66.8654,25.02,81,100,7.9
409,Muros,ES,2022-11-13 04:48:16,42.7762,-9.0603,58.68,87,68,14.97
410,Chapais,CA,2022-11-13 04:48:16,49.7834,-74.8492,26.38,96,100,5.93
411,Pontalina,BR,2022-11-13 04:48:16,-17.525,-49.4472,70.27,73,95,3.2
412,Bella Union,UY,2022-11-13 04:48:17,-30.2752,-57.6007,67.64,93,100,8.7
413,Plettenberg Bay,ZA,2022-11-13 04:48:17,-34.0527,23.3716,62.26,79,21,13.33
414,Letnyaya Stavka,RU,2022-11-13 04:49:18,45.4306,43.4472,45.34,75,41,24.92
415,Nacala,MZ,2022-11-13 04:49:18,-14.5428,40.6728,82.33,69,26,3.22
416,Kamenka,RU,2022-11-13 04:49:18,51.3223,42.7678,49.41,63,93,24.49
417,Port-Gentil,GA,2022-11-13 04:49:19,-0.7193,8.7815,76.33,88,100,10.63
418,Bengkulu,ID,2022-11-13 04:49:19,-3.8004,102.2655,76.62,93,100,5.39
419,Witu,KE,2022-11-13 04:49:19,-2.3889,40.4382,77.16,76,60,3.78
420,Zainsk,RU,2022-11-13 04:49:20,55.3195,52.0694,41.99,96,100,18.45
421,Vagamo,NO,2022-11-13 04:49:20,61.8751,9.0967,36.19,92,96,0.6
422,Sao Domingos,BR,2022-11-13 04:49:20,-13.3983,-46.3183,69.6,87,92,1.7
423,Shelburne,CA,2022-11-13 04:45:56,44.0787,-80.2041,34.25,97,93,7.78
424,Timoteo,BR,2022-11-13 04:49:21,-19.5825,-42.6444,68.86,97,12,1.72
425,Porbandar,IN,2022-11-13 04:49:21,21.6422,69.6093,78.78,47,2,6.91
426,Zubtsov,RU,2022-11-13 04:49:21,56.1753,34.5894,45.19,67,92,19.19
427,Benguela,AO,2022-11-13 04:49:21,-12.5763,13.4055,71.46,79,100,3.87
428,Young,UY,2022-11-13 04:45:16,-32.6833,-57.6333,65.05,91,100,6.15
429,Tonota,BW,2022-11-13 04:49:22,-21.4833,27.4833,69.84,76,100,6.26
430,Sarh,TD,2022-11-13 04:49:22,9.1429,18.3923,64.31,100,0,0.0
431,Rovaniemi,FI,2022-11-13 04:47:01,66.5,25.7167,33.21,100,100,8.05
432,Marsh Harbour,BS,2022-11-13 04:49:23,26.5412,-77.0636,79.59,72,37,3.85
433,Konosha,RU,2022-11-13 04:49:23,60.9736,40.257,36.05,89,100,13.56
434,Coihaique,CL,2022-11-13 04:46:51,-45.5752,-72.0662,51.75,82,75,4.61
435,Saurimo,AO,2022-11-13 04:49:23,-9.6608,20.3916,63.21,96,84,2.68
436,Luau,AO,2022-11-13 04:49:24,-10.7073,22.2247,64.65,92,99,3.04
437,Tashara,RU,2022-11-13 04:49:24,55.5195,83.5094,33.33,97,100,14.74
438,Gasa,PS,2022-11-13 04:47:07,31.5,34.4667,71.89,49,0,4.36
439,Chichli,IN,2022-11-13 04:49:24,22.8333,78.8167,76.78,37,4,4.21
440,Point Pedro,LK,2022-11-13 04:49:25,9.8167,80.2333,81.32,75,96,5.23
441,Rio Grande,BR,2022-11-13 04:45:31,-32.035,-52.0986,67.19,90,100,16.73
442,Nikki,BJ,2022-11-13 04:49:25,9.9401,3.2108,71.38,54,18,3.44
443,La Rochelle,FR,2022-11-13 04:49:25,46.1667,-1.15,55.47,88,0,10.36
444,Chiredzi,ZW,2022-11-13 04:46:48,-21.05,31.6667,74.55,72,91,3.38
445,Saint-Georges,GD,2022-11-13 04:49:26,12.0564,-61.7485,80.28,83,20,0.0
446,Willowmore,ZA,2022-11-13 04:49:26,-33.2926,23.4895,57.97,61,8,10.69
447,Omboue,GA,2022-11-13 04:49:26,-1.5746,9.2618,72.99,96,99,5.7
448,Santa Comba,ES,2022-11-13 04:49:26,43.0331,-8.8093,56.55,89,61,5.23
449,Imbituba,BR,2022-11-13 04:49:27,-28.24,-48.6703,66.65,93,100,11.41
450,Carutapera,BR,2022-11-13 04:49:27,-1.195,-46.02,76.98,80,71,5.7
451,Qaqortoq,GL,2022-11-13 04:49:27,60.7167,-46.0333,22.8,82,100,2.46
452,Altay,CN,2022-11-13 04:49:27,47.8667,88.1167,31.32,69,100,4.18
453,Bastia,FR,2022-11-13 04:49:28,42.6667,9.3333,65.3,71,0,5.75
454,Sandi,IN,2022-11-13 04:49:28,27.3,79.95,75.99,27,0,9.44
455,Angol,CL,2022-11-13 04:45:04,-37.8,-72.7167,46.27,90,16,2.57
456,Siverek,TR,2022-11-13 04:49:28,37.755,39.3167,51.46,52,0,4.56
457,Kulhudhuffushi,MV,2022-11-13 04:49:29,6.6221,73.07,80.98,76,85,8.23
458,Buraydah,SA,2022-11-13 04:46:26,26.326,43.975,63.05,46,11,6.73
459,Gimbi,ET,2022-11-13 04:49:29,9.1667,35.8333,57.27,89,18,0.94
460,Asfi,MA,2022-11-13 04:49:29,32.2994,-9.2372,68.79,43,37,3.74
461,Novopokrovka,UA,2022-11-13 04:50:30,49.8425,36.5477,45.84,91,79,14.47
462,Trujillo,PE,2022-11-13 04:50:30,-8.116,-79.03,62.56,82,100,4.61
463,Taltal,CL,2022-11-13 04:48:10,-25.4,-70.4833,60.26,79,1,0.29
464,Lannion,FR,2022-11-13 04:50:30,48.75,-3.4167,54.01,97,1,11.41
465,Columbia,US,2022-11-13 04:50:31,34.0007,-81.0348,64.08,92,20,8.05
466,Luangwa,ZM,2022-11-13 04:50:31,-15.6167,30.4167,78.24,68,98,1.39
467,Normandin,CA,2022-11-13 04:50:31,48.8333,-72.5321,34.11,93,100,8.05
468,Calbuco,CL,2022-11-13 04:50:31,-41.768,-73.1273,52.81,91,97,12.3
469,Diamantino,BR,2022-11-13 04:50:32,-14.4086,-56.4461,70.66,93,97,6.76
470,Tripoli,LY,2022-11-13 04:50:32,32.8752,13.1875,65.08,67,1,7.23
471,Merville,FR,2022-11-13 04:50:32,50.6433,2.6413,44.82,90,81,5.53
472,Callaway,US,2022-11-13 04:50:33,30.153,-85.5699,58.95,83,100,10.0
473,Ciucea,RO,2022-11-13 04:50:33,46.95,22.8167,40.03,79,11,3.36
474,Pitimbu,BR,2022-11-13 04:50:33,-7.4706,-34.8086,75.79,82,3,5.3
475,Iracoubo,GF,2022-11-13 04:50:33,5.4802,-53.2011,77.7,87,100,7.63
476,Chipata,ZM,2022-11-13 04:50:34,-13.6333,32.65,74.07,53,87,3.83
477,Brovary,UA,2022-11-13 04:50:34,50.5,30.7667,49.87,92,64,10.92
478,Manawar,IN,2022-11-13 04:50:34,22.2333,75.0833,78.93,31,5,8.1
479,Zhovti Vody,UA,2022-11-13 04:50:35,48.3473,33.5003,45.79,86,49,10.74
480,Flensburg,DE,2022-11-13 04:50:35,54.7833,9.4333,47.91,100,100,8.05
481,Brae,GB,2022-11-13 04:50:35,60.3964,-1.353,52.07,89,100,16.62
482,Yei,SS,2022-11-13 04:50:36,4.095,30.6779,67.91,85,67,1.9
483,Taoudenni,ML,2022-11-13 04:50:36,22.6783,-3.9836,70.32,21,0,12.19
484,Aars,DK,2022-11-13 04:50:36,56.804,9.5144,51.39,94,99,4.59
485,Meulaboh,ID,2022-11-13 04:50:37,4.1363,96.1285,77.74,90,100,6.46
486,Yataity,PY,2022-11-13 04:50:37,-26.3667,-56.0667,65.26,99,100,4.5
487,Angoche,MZ,2022-11-13 04:50:37,-16.2325,39.9086,80.67,70,2,3.94
488,Colares,PT,2022-11-13 04:50:38,38.7992,-9.4469,62.33,96,98,8.99
489,Barra Patuca,HN,2022-11-13 04:50:38,15.8,-84.2833,78.21,85,2,5.39
490,Front Royal,US,2022-11-13 04:45:56,38.9182,-78.1944,50.92,64,40,6.91
491,Mbandaka,CD,2022-11-13 04:50:38,0.0487,18.2603,69.33,98,100,3.33
492,Prestea,GH,2022-11-13 04:50:39,5.4327,-2.1428,72.3,98,35,0.51
493,Ascension,US,2022-11-13 04:47:35,30.2169,-90.9001,42.8,85,0,6.91
494,Hastings,GB,2022-11-13 04:50:39,50.8552,0.5729,55.15,99,87,10.58
495,Holme,DK,2022-11-13 04:50:39,56.1138,10.1725,51.37,93,100,5.32
496,Shache,CN,2022-11-13 04:50:39,38.4167,77.2406,45.41,26,3,1.86
497,Lichtenfels,DE,2022-11-13 04:50:40,50.1457,11.0593,42.39,66,23,3.31
498,Eyrarbakki,IS,2022-11-13 04:50:40,63.863,-21.1481,45.21,83,50,17.43
499,Harbour Breton,CA,2022-11-13 04:50:41,47.4833,-55.7983,39.33,87,100,26.06
500,Dharchula,IN,2022-11-13 04:50:41,29.85,80.5333,66.97,20,18,4.41
501,Jacareacanga,BR,2022-11-13 04:50:41,-6.2222,-57.7528,74.39,64,94,1.88
502,Sayat,TM,2022-11-13 04:50:41,38.7839,63.8803,31.87,44,96,5.5
503,Vredendal,ZA,2022-11-13 04:50:42,-31.6683,18.5012,61.18,84,2,1.9
504,Ouahigouya,BF,2022-11-13 04:50:42,13.5828,-2.4216,78.04,35,24,4.21
505,Cap Malheureux,MU,2022-11-13 04:51:42,-19.9842,57.6142,78.48,54,1,5.01
506,Mayumba,GA,2022-11-13 04:51:43,-3.432,10.6554,75.96,87,100,6.89
507,Saint-Denis,FR,2022-11-13 04:51:43,48.9167,2.3333,47.79,96,100,6.91
508,Iskitim,RU,2022-11-13 04:51:43,54.6366,83.3045,34.07,98,100,16.96
509,Beyneu,KZ,2022-11-13 04:51:43,45.3167,55.2,44.83,81,88,22.03
510,Buncrana,IE,2022-11-13 04:51:44,55.1333,-7.45,55.71,85,100,20.0
511,Thompson,CA,2022-11-13 04:51:44,55.7435,-97.8558,-7.44,84,0,0.0
512,Khorramshahr,IR,2022-11-13 04:51:44,30.4397,48.1664,66.16,94,40,6.91
513,Barashevo,RU,2022-11-13 04:51:45,54.5325,42.8792,42.98,72,85,17.43
514,Belyy Yar,RU,2022-11-13 04:51:45,53.6039,91.3903,37.29,70,0,15.66
515,Itupiranga,BR,2022-11-13 04:51:45,-5.1347,-49.3267,75.52,97,87,1.05
516,Matara,LK,2022-11-13 04:51:46,5.9485,80.5353,85.08,65,100,4.45
517,Kutum,SD,2022-11-13 04:51:46,14.2,24.6667,60.19,26,0,4.94
518,Ayagoz,KZ,2022-11-13 04:51:47,47.9714,80.4392,34.25,75,100,19.51
519,Severodvinsk,RU,2022-11-13 04:51:47,64.5635,39.8302,35.71,77,100,23.35
520,Nefteyugansk,RU,2022-11-13 04:47:26,61.0998,72.6035,24.66,95,99,4.41
521,Sanchez,DO,2022-11-13 04:51:47,19.2281,-69.6137,74.62,90,84,2.17
522,Kosh-Agach,RU,2022-11-13 04:51:47,50.0,88.6667,19.9,51,100,3.02
523,Lyngseidet,NO,2022-11-13 04:51:48,69.5763,20.2189,35.6,91,100,3.11
524,Moussoro,TD,2022-11-13 04:51:48,13.6408,16.4901,72.86,24,34,12.15
525,Arthur,US,2022-11-13 04:51:48,39.7148,-88.4723,30.85,79,33,10.0
526,San Cristobal,VE,2022-11-13 04:51:49,7.7669,-72.225,66.38,97,99,1.16
527,Kampene,CD,2022-11-13 04:51:49,-3.6,26.6667,68.68,89,99,1.68
528,Havre-Saint-Pierre,CA,2022-11-13 04:51:49,50.2334,-63.5986,26.6,58,100,12.66
529,Salta,AR,2022-11-13 04:47:58,-24.7859,-65.4117,66.79,72,0,10.36
530,Bereda,ES,2022-11-13 04:51:50,43.2686,-7.5406,53.15,100,99,2.48
531,Tambopata,PE,2022-11-13 04:51:50,-12.7333,-69.1833,75.99,83,92,2.08
532,Radchenko,RU,2022-11-13 04:51:50,56.6803,36.3718,44.2,71,97,18.14
533,Cascais,PT,2022-11-13 04:51:51,38.6979,-9.4215,62.51,96,100,8.99
534,Kaputa,ZM,2022-11-13 04:51:51,-8.4689,29.6619,69.4,85,96,3.8
535,Lethem,GY,2022-11-13 04:51:51,3.3803,-59.7968,75.63,89,100,5.86
536,Shihezi,CN,2022-11-13 04:51:51,44.3,86.0333,43.52,32,27,2.95
537,Olafsvik,IS,2022-11-13 04:51:52,64.8945,-23.7142,41.86,77,59,19.35
538,Alberton,CA,2022-11-13 04:51:52,46.8168,-64.0654,41.13,85,100,22.28
539,Oksfjord,NO,2022-11-13 04:51:52,70.2396,22.3479,34.0,90,53,6.24
540,Sao Jose Da Coroa Grande,BR,2022-11-13 04:51:52,-8.8978,-35.1478,75.4,87,4,2.73
541,Hopelchen,MX,2022-11-13 04:51:53,19.7667,-89.85,75.22,71,76,4.29
542,Antofagasta,CL,2022-11-13 04:51:53,-23.65,-70.4,60.08,79,9,5.35
543,Hammerfest,NO,2022-11-13 04:51:53,70.6634,23.6821,32.45,100,40,0.0
544,Malanje,AO,2022-11-13 04:51:54,-9.5402,16.341,60.98,86,99,2.28
545,Mitu,CO,2022-11-13 04:51:54,1.1983,-70.1733,72.48,98,100,1.81
546,San Pedro De Macoris,DO,2022-11-13 04:51:54,18.4616,-69.2972,73.53,92,77,7.4
547,Tarauaca,BR,2022-11-13 04:51:54,-8.1614,-70.7656,75.07,84,93,2.8
548,Rabo De Peixe,PT,2022-11-13 04:51:55,37.8,-25.5833,58.51,96,40,8.05
549,Nova Serrana,BR,2022-11-13 04:51:55,-19.8761,-44.9836,67.01,83,47,1.43
550,Santa Cruz Cabralia,BR,2022-11-13 04:47:06,-16.2781,-39.0247,73.63,94,75,2.3
551,Miedzychod,PL,2022-11-13 04:51:55,52.5988,15.897,53.38,85,100,3.51
552,Salinas,US,2022-11-13 04:51:26,36.6777,-121.6555,54.12,73,0,9.22
553,Rathkeale,IE,2022-11-13 04:52:56,52.5244,-8.9381,56.71,82,40,14.97
554,Suez,EG,2022-11-13 04:52:56,29.9737,32.5263,66.47,78,0,8.95
555,Sao Desiderio,BR,2022-11-13 04:52:56,-12.3633,-44.9733,68.92,93,83,2.46
556,Dalvik,IS,2022-11-13 04:52:57,65.9702,-18.5286,26.53,76,60,9.69
557,Stubbekobing,DK,2022-11-13 04:52:57,54.8887,12.041,50.02,92,100,5.86
558,Narsaq,GL,2022-11-13 04:52:57,60.9167,-46.05,24.53,82,100,2.84
559,Garissa,KE,2022-11-13 04:52:58,-0.4536,39.6401,78.84,70,55,8.37
560,Marabba,SD,2022-11-13 04:52:58,12.35,32.1833,73.6,19,16,11.79
561,Foix,FR,2022-11-13 04:52:58,42.8333,1.5833,52.99,62,89,6.58
562,Dzilam Gonzalez,MX,2022-11-13 04:52:59,21.2833,-88.9333,72.18,89,2,3.18
563,Quatre Cocos,MU,2022-11-13 04:52:59,-20.2078,57.7625,78.1,61,9,8.43
564,Noormarkku,FI,2022-11-13 04:52:59,61.5927,21.8685,44.38,81,0,6.91
565,Tucurui,BR,2022-11-13 04:53:00,-3.7661,-49.6725,75.07,92,99,1.7
566,Tatarsk,RU,2022-11-13 04:53:00,55.219,75.9828,32.97,98,100,13.27
567,Charyshskoye,RU,2022-11-13 04:53:00,51.3978,83.5598,37.0,79,100,15.21
568,Wajir,KE,2022-11-13 04:53:00,1.7471,40.0573,78.28,65,10,9.53
569,Goderich,CA,2022-11-13 04:53:01,43.7501,-81.7165,39.9,87,100,10.36
570,Riviere-Au-Renard,CA,2022-11-13 04:53:01,48.9957,-64.3971,30.49,85,100,14.16
571,Dingle,PH,2022-11-13 04:53:01,10.9995,122.6711,86.11,73,49,11.74
572,Santa Vitoria Do Palmar,BR,2022-11-13 04:53:02,-33.5189,-53.3681,65.93,92,100,9.35
573,Seminole,US,2022-11-13 04:50:14,28.7086,-81.2081,69.21,94,0,3.44
574,Los Llanos De Aridane,ES,2022-11-13 04:53:02,28.6585,-17.9182,64.15,77,40,8.05
575,Shubarkuduk,KZ,2022-11-13 04:53:02,49.1447,56.4872,39.97,92,100,30.06
576,San Alberto,CO,2022-11-13 04:53:03,7.7611,-73.3922,74.61,96,100,0.85
577,Mabaruma,GY,2022-11-13 04:53:03,8.2,-59.7833,73.62,98,100,1.1
578,Karuri,KE,2022-11-13 04:53:04,-0.7,37.1833,67.33,76,100,1.45
579,Sao Felix Do Xingu,BR,2022-11-13 04:53:04,-6.6447,-51.995,71.51,93,67,3.04
